title,price,availability,rating
Dark Notes,£19.19,In stock,Five
Daring Greatly: How the ...,£19.43,In stock,Three
Close to You,£49.46,In stock,Four
Chasing Heaven: What Dying ...,£37.80,In stock,Two
Big Magic: Creative Living ...,£30.80,In stock,Three
Becoming Wise: An Inquiry ...,£27.43,In stock,Two
Beauty Restored (Riley Family ...,£11.11,In stock,Two
Batman: The Long Halloween ...,£36.50,In stock,Two
Batman: The Dark Knight ...,£15.38,In stock,Five
Ayumi's Violin,£15.48,In stock,Two
Anonymous,£46.82,In stock,Four
Amy Meets the Saints ...,£18.46,In stock,Three
Amid the Chaos,£36.58,In stock,One
Amatus,£50.54,In stock,Five
Agnostic: A Spirited Manifesto,£12.51,In stock,Five
Zealot: The Life and ...,£24.70,In stock,Three
You (You #1),£43.61,In stock,Five
"Wonder Woman: Earth One, ...",£37.34,In stock,Four
Wild Swans,£14.36,In stock,Two
Why the Right Went ...,£52.65,In stock,Four
Algorithms to Live By: ...,£30.81,In stock,One
A World of Flavor: ...,£42.95,In stock,One
"A Piece of Sky, ...",£56.76,In stock,Five
A Murder in Time,£16.64,In stock,One
A Flight of Arrows ...,£55.53,In stock,Five
A Fierce and Subtle ...,£28.13,In stock,Four
A Court of Thorns ...,£52.37,In stock,One
(Un)Qualified: How God Uses ...,£54.00,In stock,Five
You Are What You ...,£21.87,In stock,Four
William Shakespeare's Star Wars: ...,£43.30,In stock,Four
Tuesday Nights in 1980,£21.04,In stock,Two
Tracing Numbers on a ...,£41.60,In stock,Three
Throne of Glass (Throne ...,£35.07,In stock,Three
Thomas Jefferson and the ...,£59.64,In stock,One
Thirteen Reasons Why,£52.72,In stock,One
The White Cat and ...,£58.08,In stock,Four
The Wedding Dress,£24.12,In stock,One
The Vacationers,£42.15,In stock,Four
The Third Wave: An ...,£12.61,In stock,Five
The Stranger,£17.44,In stock,Four
Immunity: How Elie Metchnikoff ...,£57.36,In stock,Five
"I Hate Fairyland, Vol. ...",£29.17,In stock,Two
I am a Hero ...,£54.63,In stock,Three
How to Be Miserable: ...,£46.03,In stock,One
Her Backup Boyfriend (The ...,£33.97,In stock,One
"Giant Days, Vol. 2 ...",£22.11,In stock,Two
Forever and Forever: The ...,£29.69,In stock,Three
First and First (Five ...,£15.97,In stock,Four
Fifty Shades Darker (Fifty ...,£21.96,In stock,One
Everydata: The Misinformation Hidden ...,£54.35,In stock,Two
Don't Be a Jerk: ...,£37.97,In stock,Two
Danganronpa Volume 1,£51.99,In stock,Four
Crown of Midnight (Throne ...,£43.29,In stock,Three
"Codename Baboushka, Volume 1: ...",£36.72,In stock,Four
Camp Midnight,£17.08,In stock,Four
Call the Nurse: True ...,£29.14,In stock,Five
Burning,£28.81,In stock,Three
Bossypants,£49.46,In stock,Two
"Bitch Planet, Vol. 1: ...",£37.92,In stock,Two
Avatar: The Last Airbender: ...,£28.09,In stock,Two
Slow States of Collapse: ...,£57.31,In stock,Three
Reasons to Stay Alive,£26.41,In stock,Two
Private Paris (Private #10),£47.61,In stock,Five
#HigherSelfie: Wake Up Your ...,£23.11,In stock,Five
Without Borders (Wanderlove #1),£45.07,In stock,Two
When We Collided,£31.77,In stock,One
"We Love You, Charlie ...",£50.27,In stock,Five
Untitled Collection: Sabbath Poems ...,£14.27,In stock,Four
Unseen City: The Majesty ...,£44.18,In stock,Four
Unicorn Tracks,£18.78,In stock,Three
Unbound: How Eight Technologies ...,£25.52,In stock,One
Tsubasa: WoRLD CHRoNiCLE 2 ...,£16.28,In stock,One
Throwing Rocks at the ...,£31.12,In stock,Three
This One Summer,£19.49,In stock,Four
Thirst,£17.27,In stock,Five
The Torch Is Passed: ...,£19.09,In stock,One
The Secret of Dreadwillow ...,£56.13,In stock,One
The Pioneer Woman Cooks: ...,£56.41,In stock,One
The Past Never Ends,£56.50,In stock,Four
The Natural History of ...,£45.22,In stock,Three
Whole Lotta Creativity Going ...,£38.20,In stock,Four
What's It Like in ...,£19.60,In stock,Two
"We Are Robin, Vol. ...",£53.90,In stock,One
Walt Disney's Alice in ...,£12.96,In stock,Five
V for Vendetta (V ...,£37.10,In stock,Four
Until Friday Night (The ...,£46.31,In stock,Two
Unbroken: A World War ...,£45.95,In stock,Two
Twenty Yawns,£22.08,In stock,Two
Through the Woods,£25.38,In stock,Two
This Is Where It ...,£27.12,In stock,Two
The Year of Magical ...,£43.04,In stock,Two
The Wright Brothers,£56.80,In stock,Four
The White Queen (The ...,£25.91,In stock,Five
The Wedding Pact (The ...,£32.61,In stock,Three
The Time Keeper,£27.88,In stock,Five
The Testament of Mary,£52.67,In stock,Four
The Star-Touched Queen,£46.02,In stock,Five
The Songs of the ...,£44.48,In stock,Five
The Song of Achilles,£37.40,In stock,Five
The Rosie Project (Don ...,£54.04,In stock,One
The Nameless City (The ...,£38.16,In stock,Four
The Murder That Never ...,£54.11,In stock,Three
The Most Perfect Thing: ...,£42.96,In stock,Four
The Mindfulness and Acceptance ...,£23.89,In stock,Four
The Life-Changing Magic of ...,£16.77,In stock,Three
The Inefficiency Assassin: Time ...,£20.59,In stock,Five
The Gutsy Girl: Escapades ...,£37.13,In stock,One
The Electric Pencil: Drawings ...,£56.06,In stock,One
The Death of Humanity: ...,£58.11,In stock,Four
The Bulletproof Diet: Lose ...,£49.05,In stock,Three
The Art Forger,£40.76,In stock,Three
The Age of Genius: ...,£19.73,In stock,One
The Activist's Tao Te ...,£32.24,In stock,Five
Spark Joy: An Illustrated ...,£41.83,In stock,Four
Soul Reader,£39.58,In stock,Two
Security,£39.25,In stock,Two
"Saga, Volume 6 (Saga ...",£25.02,In stock,Three
"Saga, Volume 5 (Saga ...",£51.04,In stock,Two
Reskilling America: Learning to ...,£19.83,In stock,Two
"Rat Queens, Vol. 3: ...",£50.40,In stock,Three
A Light in the ...,£51.77,In stock,Three
Tipping the Velvet,£53.74,In stock,One
Soumission,£50.10,In stock,One
Sharp Objects,£47.82,In stock,Four
Sapiens: A Brief History ...,£54.23,In stock,Five
The Requiem Red,£22.65,In stock,One
The Dirty Little Secrets ...,£33.34,In stock,Four
The Coming Woman: A ...,£17.93,In stock,Three
The Boys in the ...,£22.60,In stock,Four
The Black Maria,£52.15,In stock,One
Starving Hearts (Triangular Trade ...,£13.99,In stock,Two
Shakespeare's Sonnets,£20.66,In stock,Four
Set Me Free,£17.46,In stock,Five
Scott Pilgrim's Precious Little ...,£52.29,In stock,Five
Rip it Up and ...,£35.02,In stock,Five
Our Band Could Be ...,£57.25,In stock,Three
Olio,£23.88,In stock,One
Mesaerion: The Best Science ...,£37.59,In stock,One
Libertarianism for Beginners,£51.33,In stock,Two
It's Only the Himalayas,£45.17,In stock,Two
"Princess Jellyfish 2-in-1 Omnibus, ...",£13.61,In stock,Five
Princess Between Worlds (Wide-Awake ...,£13.34,In stock,Five
"Pop Gun War, Volume ...",£18.97,In stock,One
"Political Suicide: Missteps, Peccadilloes, ...",£36.28,In stock,Two
Patience,£10.16,In stock,Three
"Outcast, Vol. 1: A ...",£15.44,In stock,Four
orange: The Complete Collection ...,£48.41,In stock,One
Online Marketing for Busy ...,£46.35,In stock,One
On a Midnight Clear,£14.07,In stock,Three
Obsidian (Lux #1),£14.86,In stock,Two
My Paris Kitchen: Recipes ...,£33.37,In stock,Two
Masks and Shadows,£56.40,In stock,Two
Mama Tried: Traditional Italian ...,£14.02,In stock,Four
"Lumberjanes, Vol. 2: Friendship ...",£46.91,In stock,Two
"Lumberjanes, Vol. 1: Beware ...",£45.61,In stock,Three
Lumberjanes Vol. 3: A ...,£19.92,In stock,Two
"Layered: Baking, Building, and ...",£40.11,In stock,One
Judo: Seven Steps to ...,£53.90,In stock,Two
Join,£35.67,In stock,Five
In the Country We ...,£22.00,In stock,Four
In Her Wake,£12.84,In stock,One
How Music Works,£37.32,In stock,Two
Foolproof Preserving: A Guide ...,£30.52,In stock,Three
Chase Me (Paris Nights ...,£25.27,In stock,Five
Black Dust,£34.53,In stock,Five
Birdsong: A Story in ...,£54.64,In stock,Three
America's Cradle of Quarterbacks: ...,£22.50,In stock,Three
Aladdin and His Wonderful ...,£53.13,In stock,Three
Worlds Elsewhere: Journeys Around ...,£40.30,In stock,Five
Wall and Piece,£44.18,In stock,Four
The Four Agreements: A ...,£17.66,In stock,Five
The Five Love Languages: ...,£31.05,In stock,Three
The Elephant Tree,£23.82,In stock,Five
The Bear and the ...,£36.89,In stock,One
Sophie's World,£15.94,In stock,Five
Penny Maybe,£33.29,In stock,Three
Maude (1883-1993):She Grew Up ...,£18.02,In stock,Two
"In a Dark, Dark ...",£19.63,In stock,One
Behind Closed Doors,£52.22,In stock,Four
You can't bury them ...,£33.63,In stock,Two
The Power of Habit: ...,£16.88,In stock,Three
The Marriage of Opposites,£28.08,In stock,Four
The Lucifer Effect: Understanding ...,£10.40,In stock,One
The Long Haul (Diary ...,£44.07,In stock,One
The Loney,£23.40,In stock,One
The Literature Book (Big ...,£17.43,In stock,Three
The Last Mile (Amos ...,£54.21,In stock,Two
The Immortal Life of ...,£40.67,In stock,Two
The Hidden Oracle (The ...,£52.26,In stock,Two
The Help Yourself Cookbook ...,£28.77,In stock,Three
The Guilty (Will Robie ...,£13.82,In stock,Two
The First Hostage (J.B. ...,£25.85,In stock,Three
The Dovekeepers,£48.78,In stock,One
The Darkest Lie,£35.35,In stock,Five
The Bane Chronicles (The ...,£44.73,In stock,Four
The Bad-Ass Librarians of ...,£15.77,In stock,One
The 14th Colony (Cotton ...,£39.24,In stock,One
That Darkness (Gardiner and ...,£13.92,In stock,One
Tastes Like Fear (DI ...,£10.69,In stock,One
Take Me with You,£45.21,In stock,Three
Swell: A Year of ...,£45.58,In stock,One
Superman Vol. 1: Before ...,£11.89,In stock,Five
Still Life with Bread ...,£26.41,In stock,Three
Steve Jobs,£39.50,In stock,Five
Sorting the Beef from ...,£44.74,In stock,Four
Someone Like You (The ...,£52.79,In stock,Five
"So Cute It Hurts!!, ...",£35.43,In stock,Four
Shtum,£55.84,In stock,Four
See America: A Celebration ...,£48.87,In stock,Three
salt.,£46.78,In stock,Four
Robin War,£47.82,In stock,Three
"Red Hood/Arsenal, Vol. 1: ...",£25.48,In stock,Two
Rain Fish,£23.57,In stock,Three
Quarter Life Poetry: Poems ...,£50.89,In stock,Five
Pet Sematary,£10.56,In stock,Three
"Overload: How to Unplug, ...",£52.15,In stock,Three
Once Was a Time,£18.28,In stock,Two
Old School (Diary of ...,£11.83,In stock,Five
No Dream Is Too ...,£21.95,In stock,Two
"Naruto (3-in-1 Edition), Vol. ...",£38.39,In stock,Two
Hold Your Breath (Search ...,£28.82,In stock,One
Hamilton: The Revolution,£58.79,In stock,Three
Greek Mythic History,£10.23,In stock,Five
God: The Most Unpleasant ...,£30.03,In stock,Five
Glory over Everything: Beyond ...,£45.84,In stock,Three
Feathers: Displays of Brilliant ...,£49.05,In stock,Three
Far & Away: Places ...,£15.06,In stock,Four
Every Last Word,£46.47,In stock,Three
Eligible (The Austen Project ...,£27.09,In stock,Three
El Deafo,£57.62,In stock,Five
Eight Hundred Grapes,£14.39,In stock,Four
Eaternity: More than 150 ...,£51.75,In stock,Five
"Eat Fat, Get Thin",£54.07,In stock,Two
Don't Get Caught,£55.35,In stock,One
Doctor Sleep (The Shining ...,£40.12,In stock,Two
Demigods & Magicians: Percy ...,£37.51,In stock,Five
Dear Mr. Knightley,£11.21,In stock,Five
Daily Fantasy Sports,£36.58,In stock,One
Crazy Love: Overwhelmed by ...,£47.72,In stock,Two
Cometh the Hour (The ...,£25.01,In stock,Three
My Name Is Lucy ...,£41.56,In stock,One
My Mrs. Brown,£24.48,In stock,Three
My Kind of Crazy,£40.36,In stock,One
Mr. Mercedes (Bill Hodges ...,£28.90,In stock,One
More Than Music (Chasing ...,£37.61,In stock,Two
Made to Stick: Why ...,£38.85,In stock,Five
Luis Paints the World,£53.95,In stock,Three
Luckiest Girl Alive,£49.83,In stock,Three
Lowriders to the Center ...,£51.51,In stock,Two
Love Is a Mix ...,£18.03,In stock,One
Looking for Lovely: Collecting ...,£29.14,In stock,Five
Living Leadership by Insight: ...,£46.91,In stock,Four
Let It Out: A ...,£26.79,In stock,Five
Lady Midnight (The Dark ...,£16.28,In stock,Five
"It's All Easy: Healthy, ...",£19.55,In stock,One
Island of Dragons (Unwanteds ...,£29.65,In stock,One
I Know What I'm ...,£25.98,In stock,Four
I Am Pilgrim (Pilgrim ...,£10.60,In stock,Four
Hyperbole and a Half: ...,£14.75,In stock,Five
"Hush, Hush (Hush, Hush ...",£47.02,In stock,Three
All the Light We ...,£29.87,In stock,Five
Adulthood Is a Myth: ...,£10.90,In stock,Two
Abstract City,£56.37,In stock,Five
A Time of Torment ...,£48.35,In stock,Five
A Study in Scarlet ...,£16.73,In stock,Two
A Series of Catastrophes ...,£56.48,In stock,Two
A People's History of ...,£40.79,In stock,Two
A Man Called Ove,£39.72,In stock,One
A Distant Mirror: The ...,£14.58,In stock,Three
A Brush of Wings ...,£55.51,In stock,One
1491: New Revelations of ...,£21.80,In stock,Three
"The Three Searches, Meaning, ...",£13.33,In stock,Three
Searching for Meaning in ...,£38.73,In stock,One
Rook,£37.86,In stock,Four
My Kitchen Year: 136 ...,£11.53,In stock,Two
13 Hours: The Inside ...,£27.06,In stock,One
Will You Won't You ...,£13.86,In stock,Three
Tipping Point for Planet ...,£37.55,In stock,One
The Star-Touched Queen,£32.30,In stock,Five
The Silent Sister (Riley ...,£46.29,In stock,Five
Code Name Verity (Code ...,£22.13,In stock,Four
Clockwork Angel (The Infernal ...,£44.14,In stock,One
City of Glass (The ...,£56.02,In stock,Four
City of Fallen Angels ...,£11.23,In stock,Four
City of Bones (The ...,£43.28,In stock,One
City of Ashes (The ...,£47.27,In stock,One
Cell,£20.29,In stock,Four
Catching Jordan (Hundred Oaks),£50.83,In stock,Three
"Carry On, Warrior: Thoughts ...",£31.85,In stock,Three
Carrie,£46.23,In stock,Two
Buying In: The Secret ...,£37.80,In stock,Four
Brain on Fire: My ...,£49.32,In stock,Five
Batman: Europa,£32.01,In stock,Two
Barefoot Contessa Back to ...,£28.01,In stock,One
Barefoot Contessa at Home: ...,£50.62,In stock,Five
Balloon Animals,£17.03,In stock,Three
Art Ops Vol. 1,£48.80,In stock,Three
Aristotle and Dante Discover ...,£58.14,In stock,Four
Angels Walking (Angels Walking ...,£34.20,In stock,Two
Angels & Demons (Robert ...,£51.48,In stock,Three
The Midnight Watch: A ...,£26.20,In stock,One
The Lonely City: Adventures ...,£33.26,In stock,Two
The Gray Rhino: How ...,£59.15,In stock,Four
The Golden Condom: And ...,£39.43,In stock,One
The Epidemic (The Program ...,£14.44,In stock,Five
The Dinner Party,£56.54,In stock,Two
The Diary of a ...,£59.90,In stock,Three
The Children,£11.88,In stock,Three
Stars Above (The Lunar ...,£48.05,In stock,Two
Snatched: How A Drug ...,£21.21,In stock,Three
Raspberry Pi Electronics Projects ...,£49.67,In stock,Four
Quench Your Own Thirst: ...,£43.14,In stock,One
Psycho: Sanitarium (Psycho #1.5),£36.97,In stock,Five
Poisonous (Max Revere Novels ...,£26.80,In stock,Three
One with You (Crossfire ...,£15.71,In stock,Four
No Love Allowed (Dodge ...,£54.65,In stock,Four
Murder at the 42nd ...,£54.36,In stock,Four
Most Wanted,£35.28,In stock,Three
"Love, Lies and Spies",£20.55,In stock,Two
How to Speak Golf: ...,£58.32,In stock,Five
Without Shame,£48.27,In stock,Five
Watchmen,£58.05,In stock,Four
Unlimited Intuition Now,£58.87,In stock,Four
Underlying Notes,£11.82,In stock,Two
The Shack,£28.03,In stock,One
The New Brand You: ...,£44.05,In stock,Five
The Moosewood Cookbook: Recipes ...,£12.34,In stock,Four
The Flowers Lied,£16.68,In stock,Two
The Fabric of the ...,£55.91,In stock,One
The Book of Mormon,£24.57,In stock,Three
The Art and Science ...,£52.98,In stock,Five
The Alien Club,£54.40,In stock,One
Suzie Snowflake: One beautiful ...,£54.81,In stock,Five
Nap-a-Roo,£25.08,In stock,One
NaNo What Now? Finding ...,£10.41,In stock,Four
Modern Day Fables,£47.44,In stock,Two
If I Gave You ...,£20.91,In stock,One
"Fruits Basket, Vol. 9 ...",£33.95,In stock,Four
Dress Your Family in ...,£43.68,In stock,Three
Don't Forget Steven,£33.23,In stock,One
Nightstruck: A Novel,£50.35,In stock,Four
Naturally Lean: 125 Nourishing ...,£11.38,In stock,Five
Meternity,£43.58,In stock,Three
Memoirs of a Geisha,£49.67,In stock,Three
Like Never Before (Walker ...,£28.77,In stock,Two
Life of Pi,£13.22,In stock,Four
Leave This Song Behind: ...,£51.17,In stock,Five
King's Folly (The Kinsman ...,£39.61,In stock,Five
John Adams,£57.43,In stock,Four
How to Cook Everything ...,£46.01,In stock,Four
How to Be a ...,£28.25,In stock,Two
Good in Bed (Cannie ...,£37.05,In stock,Five
"Fruits Basket, Vol. 7 ...",£19.57,In stock,One
For the Love: Fighting ...,£45.13,In stock,Three
Finding God in the ...,£46.64,In stock,Two
Every Heart a Doorway ...,£12.16,In stock,Five
Delivering the Truth (Quaker ...,£20.89,In stock,Four
Counted With the Stars ...,£17.97,In stock,Five
"Chronicles, Vol. 1",£52.60,In stock,Two
Blue Like Jazz: Nonreligious ...,£25.77,In stock,One
Chernobyl 01:23:40: The Incredible ...,£35.92,In stock,Two
Art and Fear: Observations ...,£48.63,In stock,Four
A Shard of Ice ...,£56.63,In stock,Three
A Hero's Curse (The ...,£50.49,In stock,Three
23 Degrees South: A ...,£35.79,In stock,Two
Zero to One: Notes ...,£34.06,In stock,Three
Why Not Me?,£17.76,In stock,One
When Breath Becomes Air,£39.36,In stock,Two
Vagabonding: An Uncommon Guide ...,£36.94,In stock,Two
The Unlikely Pilgrimage of ...,£43.62,In stock,Five
The New Drawing on ...,£43.02,In stock,Three
"The Midnight Assassin: Panic, ...",£28.45,In stock,Four
The Martian (The Martian ...,£41.39,In stock,Two
The High Mountains of ...,£51.15,In stock,One
The Grownup,£35.88,In stock,One
The E-Myth Revisited: Why ...,£36.91,In stock,One
South of Sunshine,£28.93,In stock,One
Smarter Faster Better: The ...,£38.89,In stock,Five
Silence in the Dark ...,£58.33,In stock,Three
Shadows of the Past ...,£39.67,In stock,Five
The Barefoot Contessa Cookbook,£59.92,In stock,Five
Tell the Wolves I'm ...,£50.96,In stock,Two
Ship Leaves Harbor: Essays ...,£30.60,In stock,Three
Pride and Prejudice,£19.27,In stock,Four
Musicophilia: Tales of Music ...,£46.58,In stock,One
Mere Christianity,£48.51,In stock,Three
Me Before You (Me ...,£19.02,In stock,One
In the Woods (Dublin ...,£38.38,In stock,Two
In Cold Blood,£49.98,In stock,Four
How to Stop Worrying ...,£46.49,In stock,Five
Give It Back,£18.32,In stock,Two
"Girl, Interrupted",£42.14,In stock,Three
Fun Home: A Family ...,£56.59,In stock,Four
"Fruits Basket, Vol. 6 ...",£20.96,In stock,Four
Deception Point,£40.32,In stock,Four
"Death Note, Vol. 6: ...",£36.39,In stock,Three
Catherine the Great: Portrait ...,£58.55,In stock,Four
Better Homes and Gardens ...,£39.61,In stock,Three
An Unquiet Mind: A ...,£21.30,In stock,Three
A Year in Provence ...,£56.88,In stock,Four
World Without End (The ...,£32.97,In stock,Four
"Will Grayson, Will Grayson ...",£47.31,In stock,Four
Why Save the Bankers?: ...,£48.67,In stock,Two
Where She Went (If ...,£41.73,In stock,Four
What If?: Serious Scientific ...,£53.68,In stock,Four
Two Summers,£14.64,In stock,One
This Is Your Brain ...,£38.40,In stock,One
The Secret Garden,£15.08,In stock,Four
The Raven King (The ...,£30.57,In stock,Two
The Raven Boys (The ...,£57.74,In stock,Four
The Power Greens Cookbook: ...,£11.05,In stock,Five
The Metamorphosis,£28.58,In stock,One
The Mathews Men: Seven ...,£42.91,In stock,Five
The Little Paris Bookshop,£24.73,In stock,Three
The Hiding Place,£55.91,In stock,Four
The Grand Design,£13.76,In stock,Three
The Firm,£45.56,In stock,Three
The Fault in Our ...,£47.22,In stock,One
The False Prince (The ...,£56.00,In stock,Five
The Expatriates,£44.58,In stock,Two
Alight (The Generations Trilogy ...,£58.59,In stock,Four
A Girl's Guide to ...,£31.30,In stock,One
A Game of Thrones ...,£46.42,In stock,Two
A Feast for Crows ...,£17.21,In stock,Four
A Clash of Kings ...,£10.79,In stock,Three
Vogue Colors A to ...,£52.35,In stock,Four
The Shining (The Shining ...,£27.88,In stock,Three
The Pilgrim's Progress,£50.26,In stock,Two
The Perfect Play (Play ...,£59.99,In stock,Three
The Passion of Dolssa,£28.32,In stock,Five
The Jazz of Physics: ...,£38.71,In stock,Three
The Hunger Games (The ...,£29.85,In stock,Five
The Hound of the ...,£14.82,In stock,Two
The Gunning of America: ...,£16.81,In stock,Four
The Geography of Bliss: ...,£28.23,In stock,Two
The Demonists (Demonist #1),£52.11,In stock,Two
The Demon Prince of ...,£27.88,In stock,Two
The Bone Hunters (Lexy ...,£59.71,In stock,Three
The Beast (Black Dagger ...,£46.08,In stock,Five
Some Women,£13.73,In stock,Five
The Shadow Hero (The ...,£33.14,In stock,One
The Secret (The Secret ...,£27.37,In stock,Four
The Regional Office Is ...,£51.36,In stock,Five
The Psychopath Test: A ...,£36.00,In stock,Two
The Project,£10.65,In stock,One
The Power of Now: ...,£43.54,In stock,Two
The Omnivore's Dilemma: A ...,£38.21,In stock,Two
The Nerdy Nummies Cookbook: ...,£37.34,In stock,Five
The Murder of Roger ...,£44.10,In stock,Four
The Mistake (Off-Campus #2),£43.29,In stock,Three
The Matchmaker's Playbook (Wingmen ...,£55.85,In stock,One
The Love and Lemons ...,£37.60,In stock,Two
The Long Shadow of ...,£10.97,In stock,One
The Kite Runner,£41.82,In stock,Four
The House by the ...,£36.95,In stock,One
The Glittering Court (The ...,£44.28,In stock,One
The Girl on the ...,£55.02,In stock,Two
The Genius of Birds,£17.24,In stock,One
The Emerald Mystery,£23.15,In stock,Two
The Cookies & Cups ...,£41.25,In stock,One
Shopaholic Ties the Knot ...,£48.39,In stock,Five
Paper and Fire (The ...,£49.45,In stock,Five
Outlander (Outlander #1),£19.67,In stock,Five
Orchestra of Exiles: The ...,£12.36,In stock,Three
No One Here Gets ...,£20.02,In stock,Five
Night Shift (Night Shift ...,£12.75,In stock,Four
Needful Things,£47.51,In stock,Four
Mockingjay (The Hunger Games ...,£20.44,In stock,Four
Misery,£34.79,In stock,Two
Little Women (Little Women ...,£28.07,In stock,Four
It,£25.01,In stock,Three
Harry Potter and the ...,£13.90,In stock,Three
Harry Potter and the ...,£24.17,In stock,Four
Harry Potter and the ...,£31.63,In stock,Four
Harry Potter and the ...,£48.75,In stock,Five
Harry Potter and the ...,£14.74,In stock,One
Gone with the Wind,£32.49,In stock,Three
God Is Not Great: ...,£27.80,In stock,One
Girl With a Pearl ...,£26.77,In stock,One
"Fruits Basket, Vol. 4 ...",£50.44,In stock,Four
The Bridge to Consciousness: ...,£32.00,In stock,Three
The Artist's Way: A ...,£38.49,In stock,Five
The Art of War,£33.34,In stock,Five
The Argonauts,£10.93,In stock,Two
The 10% Entrepreneur: Live ...,£27.55,In stock,Three
Suddenly in Love (Lake ...,£55.99,In stock,Two
Something More Than This,£16.24,In stock,Four
Soft Apocalypse,£26.12,In stock,Two
So You've Been Publicly ...,£12.23,In stock,Two
Shoe Dog: A Memoir ...,£23.99,In stock,Two
"Shobu Samurai, Project Aryoku ...",£29.06,In stock,Three
Secrets and Lace (Fatal ...,£20.27,In stock,One
Scarlett Epstein Hates It ...,£43.55,In stock,Five
Romero and Juliet: A ...,£36.94,In stock,One
Redeeming Love,£20.47,In stock,Five
Poses for Artists Volume ...,£41.06,In stock,One
Poems That Make Grown ...,£14.19,In stock,Four
"Nightingale, Sing",£38.28,In stock,One
Night Sky with Exit ...,£41.05,In stock,One
Mrs. Houdini,£30.25,In stock,Five
Walk the Edge (Thunder ...,£32.36,In stock,Three
Voyager (Outlander #3),£21.07,In stock,Five
Very Good Lives: The ...,£50.66,In stock,Three
Vegan Vegetarian Omnivore: Dinner ...,£13.66,In stock,Two
"Unstuffed: Decluttering Your Home, ...",£58.09,In stock,One
Under the Banner of ...,£30.00,In stock,One
Two Boys Kissing,£32.74,In stock,Two
Twilight (Twilight #1),£41.93,In stock,Two
Twenties Girl,£42.80,In stock,Two
Trespassing Across America: One ...,£53.51,In stock,One
Three-Martini Lunch,£23.21,In stock,Three
"Thinking, Fast and Slow",£21.14,In stock,One
The Wild Robot,£56.07,In stock,Three
The Wicked + The ...,£14.41,In stock,Three
The Undomestic Goddess,£45.75,In stock,Four
The Travelers,£15.77,In stock,One
The Tipping Point: How ...,£10.02,In stock,Two
The Thing About Jellyfish,£48.77,In stock,One
The Stand,£57.86,In stock,Two
The Smitten Kitchen Cookbook,£23.59,In stock,One
The Silkworm (Cormoran Strike ...,£23.05,In stock,Five
"The Sandman, Vol. 3: ...",£55.55,In stock,Five
The Rose & the ...,£58.64,In stock,Four
The Road to Little ...,£23.21,In stock,One
The Rise of Theodore ...,£42.57,In stock,Three
The Restaurant at the ...,£10.92,In stock,One
The Rest Is Noise: ...,£34.77,In stock,One
The Red Tent,£35.66,In stock,Five
The Purpose Driven Life: ...,£37.19,In stock,Three
The Purest Hook (Second ...,£12.25,In stock,One
The Picture of Dorian ...,£29.70,In stock,Two
The Paris Wife,£36.80,In stock,Three
The Obsession,£45.43,In stock,One
The Nightingale,£26.26,In stock,Four
The New Guy (and ...,£44.92,In stock,Three
The Nanny Diaries (Nanny ...,£52.53,In stock,Five
The Name of God ...,£37.25,In stock,Two
The Maze Runner (The ...,£20.93,In stock,One
The Lover's Dictionary,£58.09,In stock,Two
The Lonely Ones,£43.59,In stock,Five
Heaven is for Real: ...,£52.86,In stock,Two
Future Shock (Future Shock ...,£55.65,In stock,Five
Ender's Game (The Ender ...,£43.64,In stock,One
Diary of a Citizen ...,£28.41,In stock,One
Death by Leisure: A ...,£37.51,In stock,Four
Brilliant Beacons: A History ...,£11.45,In stock,Three
Brazen: The Courage to ...,£19.22,In stock,Two
Between the World and ...,£56.91,In stock,Four
Being Mortal: Medicine and ...,£55.06,In stock,Four
A Murder Over a ...,£13.20,In stock,Three
32 Yolks,£53.63,In stock,Two
"""Most Blessed of the ...",£44.48,In stock,Five
You Are a Badass: ...,£12.08,In stock,Three
Wildlife of New York: ...,£22.14,In stock,Two
What Happened on Beale ...,£25.37,In stock,Five
Unreasonable Hope: Finding Faith ...,£46.33,In stock,Two
Under the Tuscan Sun,£37.33,In stock,Three
Toddlers Are A**holes: It's ...,£25.55,In stock,One
The Year of Living ...,£34.72,In stock,One
The Whale,£35.96,In stock,Four
Modern Romance,£28.26,In stock,Five
Miss Peregrine’s Home for ...,£10.76,In stock,One
Louisa: The Extraordinary Life ...,£16.85,In stock,Two
Little Red,£13.47,In stock,Three
Library of Souls (Miss ...,£48.56,In stock,Five
Large Print Heart of ...,£19.15,In stock,Two
I Had a Nice ...,£57.36,In stock,Four
Hollow City (Miss Peregrine’s ...,£42.98,In stock,One
Grumbles,£22.16,In stock,Two
Full Moon over Noah’s ...,£49.43,In stock,Four
Frostbite (Vampire Academy #2),£29.99,In stock,Five
Follow You Home,£21.36,In stock,One
First Steps for New ...,£29.00,In stock,One
Finders Keepers (Bill Hodges ...,£53.53,In stock,Five
"Fables, Vol. 1: Legends ...",£41.62,In stock,Four
Eureka Trivia 6.0,£54.59,In stock,Four
Drive: The Surprising Truth ...,£34.95,In stock,Four
Done Rubbed Out (Reightman ...,£37.72,In stock,Five
Doing It Over (Most ...,£35.61,In stock,Three
Deliciously Ella Every Day: ...,£42.16,In stock,Three
Hide Away (Eve Duncan ...,£11.84,In stock,One
Furiously Happy: A Funny ...,£41.46,In stock,Four
Everyday Italian: 125 Simple ...,£20.10,In stock,Five
Equal Is Unfair: America's ...,£56.86,In stock,One
Eleanor & Park,£56.51,In stock,Five
Dirty (Dive Bar #1),£40.83,In stock,Four
Can You Keep a ...,£48.64,In stock,One
Boar Island (Anna Pigeon ...,£59.48,In stock,Three
A Paris Apartment,£39.01,In stock,Four
A la Mode: 120 ...,£38.77,In stock,One
Troublemaker: Surviving Hollywood and ...,£48.39,In stock,Two
The Widow,£27.26,In stock,Two
The Sleep Revolution: Transforming ...,£11.68,In stock,Four
The Improbability of Love,£59.45,In stock,One
The Art of Startup ...,£21.00,In stock,Three
Take Me Home Tonight ...,£53.98,In stock,Three
Sleeping Giants (Themis Files ...,£48.74,In stock,One
Setting the World on ...,£21.15,In stock,Two
Playing with Fire,£13.71,In stock,Three
Off the Hook (Fishing ...,£47.67,In stock,Three
Roller Girl,£14.10,In stock,Five
Rising Strong,£21.82,In stock,Three
Proofs of God: Classical ...,£54.21,In stock,One
Please Kill Me: The ...,£31.19,In stock,Four
Out of Print: City ...,£53.64,In stock,Five
My Life Next Door ...,£36.39,In stock,Five
Miller's Valley,£58.54,In stock,Two
Man's Search for Meaning,£29.48,In stock,Three
Love That Boy: What ...,£25.06,In stock,Two
Living Forward: A Proven ...,£12.55,In stock,Three
Les Fleurs du Mal,£29.04,In stock,Five
Left Behind (Left Behind ...,£40.72,In stock,Two
Kill 'Em and Leave: ...,£45.05,In stock,Five
Kierkegaard: A Christian Missionary ...,£47.13,In stock,One
John Vassos: Industrial Design ...,£20.22,In stock,Four
I'll Give You the ...,£56.48,In stock,One
I Will Find You,£44.21,In stock,One
Hystopia: A Novel,£21.96,In stock,Four
Howl and Other Poems,£40.45,In stock,Two
History of Beauty,£10.29,In stock,Four
Notes from a Small ...,£40.17,In stock,One
Night (The Night Trilogy ...,£13.51,In stock,One
Neither Here nor There: ...,£38.95,In stock,Three
Naked,£31.69,In stock,Three
Morning Star (Red Rising ...,£29.40,In stock,One
Miracles from Heaven: A ...,£57.83,In stock,One
Midnight Riot (Peter Grant/ ...,£55.46,In stock,Two
Me Talk Pretty One ...,£57.60,In stock,Two
Manuscript Found in Accra,£34.98,In stock,Two
Lust & Wonder,£11.87,In stock,Two
Lila (Gilead #3),£12.47,In stock,Three
"Life, the Universe and ...",£33.26,In stock,Two
Life Without a Recipe,£59.04,In stock,Five
Life After Life,£26.13,In stock,Two
Letter to a Christian ...,£22.20,In stock,One
Let's Pretend This Never ...,£45.11,In stock,One
Legend (Legend #1),£43.69,In stock,Four
"Lean In: Women, Work, ...",£25.02,In stock,One
Lamb: The Gospel According ...,£55.50,In stock,Five
Lady Renegades (Rebel Belle ...,£53.04,In stock,Five
Benjamin Franklin: An American ...,£48.19,In stock,Three
At The Existentialist Café: ...,£29.93,In stock,Five
A Summer In Europe,£44.34,In stock,Two
A Short History of ...,£52.40,In stock,Five
A Gathering of Shadows ...,£44.81,In stock,Four
The Sound Of Love,£57.84,In stock,Five
The Rise and Fall ...,£39.67,In stock,Two
The Perks of Being ...,£55.02,In stock,Three
The Mysterious Affair at ...,£24.80,In stock,Four
The Man Who Mistook ...,£59.45,In stock,Four
The Makings of a ...,£31.58,In stock,Two
The Joy of Cooking,£43.27,In stock,Four
The Invention of Wings,£37.34,In stock,One
The Hobbit (Middle-Earth Universe),£17.80,In stock,Five
The Great Railway Bazaar,£30.54,In stock,One
The Golden Compass (His ...,£18.77,In stock,One
The God Delusion,£46.85,In stock,Three
The Girl You Left ...,£15.79,In stock,One
The Fellowship of the ...,£10.27,In stock,Two
The Collected Poems of ...,£15.42,In stock,Five
Jurassic Park (Jurassic Park ...,£44.97,In stock,One
It's Never Too Late ...,£42.38,In stock,One
Is Everyone Hanging Out ...,£20.11,In stock,Three
Into the Wild,£56.70,In stock,Five
Inferno (Robert Langdon #4),£41.00,In stock,Five
In the Garden of ...,£28.85,In stock,Three
If I Run (If ...,£49.97,In stock,Four
I've Got Your Number,£19.69,In stock,One
I Am Malala: The ...,£28.88,In stock,Two
Hungry Girl Clean & ...,£33.14,In stock,Three
House of Lost Worlds: ...,£43.70,In stock,Two
House of Leaves,£54.89,In stock,One
Horrible Bear!,£37.52,In stock,Two
Holidays on Ice,£51.07,In stock,Two
Heir to the Sky,£44.07,In stock,Four
Green Eggs and Ham ...,£10.79,In stock,Four
"Grayson, Vol 3: Nemesis ...",£42.72,In stock,One
Gratitude,£26.66,In stock,Five
Gone Girl,£37.60,In stock,Five
Golden (Heart of Dread ...,£42.21,In stock,Four
Girl in the Blue ...,£46.83,In stock,Two
"Fruits Basket, Vol. 3 ...",£45.17,In stock,Two
Friday Night Lights: A ...,£51.22,In stock,Three
Fire Bound (Sea Haven/Sisters ...,£21.28,In stock,Four
Fifty Shades Freed (Fifty ...,£15.36,In stock,Five
Fellside,£38.62,In stock,One
Extreme Prey (Lucas Davenport ...,£25.40,In stock,Three
Eragon (The Inheritance Cycle ...,£43.87,In stock,Three
Eclipse (Twilight #3),£18.74,In stock,One
Dune (Dune #1),£54.86,In stock,One
Dracula,£52.62,In stock,Three
Do Androids Dream of ...,£51.48,In stock,One
Disrupted: My Misadventure in ...,£15.28,In stock,Five
Dead Wake: The Last ...,£39.24,In stock,Five
"David and Goliath: Underdogs, ...",£17.81,In stock,One
Darkfever (Fever #1),£56.02,In stock,One
Dark Places,£23.90,In stock,Five
Crazy Rich Asians (Crazy ...,£49.13,In stock,Five
Counting Thyme,£10.62,In stock,One
Cosmos,£36.17,In stock,Two
Civilization and Its Discontents,£59.95,In stock,Two
Cinder (The Lunar Chronicles ...,£26.09,In stock,One
Catastrophic Happiness: Finding Joy ...,£37.35,In stock,Two
Career of Evil (Cormoran ...,£24.72,In stock,Two
Breaking Dawn (Twilight #4),£35.28,In stock,Five
Brave Enough,£51.32,In stock,Five
Boy Meets Boy,£21.12,In stock,Three
Born to Run: A ...,£27.35,In stock,Two
Blink: The Power of ...,£21.74,In stock,Five
Black Flags: The Rise ...,£40.87,In stock,One
"Black Butler, Vol. 1 ...",£49.31,In stock,One
Big Little Lies,£22.11,In stock,One
Between Shades of Gray,£20.79,In stock,Five
Best of My Love ...,£27.41,In stock,Two
Beowulf,£38.35,In stock,Two
Beautiful Creatures (Caster Chronicles ...,£21.55,In stock,Five
Awkward,£38.02,In stock,Two
Ash,£22.06,In stock,Four
Are We There Yet?,£10.66,In stock,Three
Are We Smart Enough ...,£56.58,In stock,One
Mothering Sunday,£13.34,In stock,Two
"Mother, Can You Not?",£16.89,In stock,Five
M Train,£27.18,In stock,One
Lilac Girls,£17.28,In stock,Two
Lies and Other Acts ...,£45.14,In stock,One
Lab Girl,£40.85,In stock,One
Keep Me Posted,£20.46,In stock,Four
It Didn't Start with ...,£56.27,In stock,Three
Grey (Fifty Shades #4),£48.49,In stock,Four
"Exit, Pursued by a ...",£51.34,In stock,Four
Daredevils,£16.34,In stock,Three
Cravings: Recipes for What ...,£20.50,In stock,Three
Born for This: How ...,£21.59,In stock,Five
Arena,£21.36,In stock,Four
Adultery,£20.88,In stock,Five
A Mother's Reckoning: Living ...,£19.53,In stock,Three
A Gentleman's Position (Society ...,£14.75,In stock,Five
11/22/63,£48.48,In stock,Three
10% Happier: How I ...,£24.57,In stock,Two
10-Day Green Smoothie Cleanse: ...,£49.71,In stock,Five
"Fruits Basket, Vol. 2 ...",£11.64,In stock,Five
Diary of a Minecraft ...,£52.88,In stock,Four
"Y: The Last Man, ...",£18.51,In stock,Four
While You Were Mine,£41.32,In stock,Five
Where Lightning Strikes (Bleeding ...,£39.77,In stock,Three
When I'm Gone,£51.96,In stock,Three
Ways of Seeing,£39.51,In stock,Five
"Vampire Knight, Vol. 1 ...",£15.40,In stock,One
Vampire Girl (Vampire Girl ...,£53.82,In stock,Two
Twenty Love Poems and ...,£30.95,In stock,Four
Travels with Charley: In ...,£57.82,In stock,Five
Three Wishes (River of ...,£44.18,In stock,Two
This One Moment (Pushing ...,£48.71,In stock,One
The Zombie Room,£19.69,In stock,Five
The Wicked + The ...,£36.52,In stock,Two
The Tumor,£41.56,In stock,Five
The Story of Hong ...,£43.19,In stock,Four
The Silent Wife,£12.34,In stock,Five
The Silent Twin (Detective ...,£36.25,In stock,Three
The Selfish Gene,£29.45,In stock,One
The Secret Healer,£34.56,In stock,Three
"The Sandman, Vol. 1: ...",£54.12,In stock,Three
The Republic,£33.78,In stock,Three
The Odyssey,£29.64,In stock,Three
The No. 1 Ladies' ...,£57.70,In stock,Four
The Nicomachean Ethics,£36.34,In stock,One
The Name of the ...,£50.59,In stock,Three
The Mirror & the ...,£29.38,In stock,One
The Little Prince,£45.42,In stock,Two
The Light of the ...,£54.43,In stock,One
The Last Girl (The ...,£36.26,In stock,Two
The Iliad,£16.16,In stock,One
The Hook Up (Game ...,£36.29,In stock,Five
The Haters,£27.89,In stock,Five
The Girl You Lost,£12.29,In stock,Five
The Girl In The ...,£15.85,In stock,Three
The End of the ...,£14.40,In stock,One
The Edge of Reason ...,£19.18,In stock,Four
The Complete Maus (Maus ...,£10.64,In stock,Three
The Communist Manifesto,£14.76,In stock,Three
On the Road (Duluoz ...,£32.36,In stock,Three
Old Records Never Die: ...,£55.66,In stock,Two
Off Sides (Off #1),£39.45,In stock,Five
Of Mice and Men,£47.11,In stock,Two
Myriad (Prentor #1),£58.75,In stock,Four
My Perfect Mistake (Over ...,£38.92,In stock,Two
"Ms. Marvel, Vol. 1: ...",£39.39,In stock,Four
Meditations,£25.89,In stock,Two
Matilda,£28.34,In stock,One
Lost Among the Living,£27.70,In stock,Four
Lord of the Flies,£24.89,In stock,Three
Listen to Me (Fusion ...,£58.99,In stock,Three
Kitchens of the Great ...,£57.20,In stock,Five
Jane Eyre,£38.43,In stock,Five
Imperfect Harmony,£34.74,In stock,Four
Icing (Aces Hockey #2),£40.44,In stock,Four
"Hawkeye, Vol. 1: My ...",£45.24,In stock,Three
Having the Barbarian's Baby ...,£34.96,In stock,Four
"Giant Days, Vol. 1 ...",£56.76,In stock,Four
"Fruits Basket, Vol. 1 ...",£40.28,In stock,Five
The Bhagavad Gita,£57.49,In stock,Three
The Bette Davis Club,£30.66,In stock,Three
The Art of Not ...,£40.83,In stock,Four
Taking Shots (Assassins #1),£18.88,In stock,Two
Starlark,£25.83,In stock,Three
"Skip Beat!, Vol. 01 ...",£42.12,In stock,Three
Sister Sable (The Mad ...,£13.33,In stock,Three
Shatter Me (Shatter Me ...,£42.40,In stock,One
Shameless,£58.35,In stock,Three
Shadow Rites (Jane Yellowrock ...,£21.72,In stock,Four
Settling the Score (The ...,£44.91,In stock,Two
Sense and Sensibility,£37.46,In stock,One
"Saga, Volume 1 (Saga ...",£28.48,In stock,One
"Rhythm, Chord & Malykhin",£28.34,In stock,Two
"Rat Queens, Vol. 1: ...",£46.96,In stock,Five
Paradise Lost (Paradise #1),£24.96,In stock,One
"Paper Girls, Vol. 1 ...",£21.71,In stock,Four
Ouran High School Host ...,£29.87,In stock,Three
Origins (Alphas 0.5),£28.99,In stock,One
One Second (Seven #7),£52.94,In stock,Two
Isla and the Happily ...,£48.13,In stock,Five
If I Stay (If ...,£38.13,In stock,Five
I Know Why the ...,£36.55,In stock,Two
Harry Potter and the ...,£23.32,In stock,One
"Fruits Basket, Vol. 5 ...",£16.33,In stock,One
Foundation (Foundation (Publication Order) ...,£32.42,In stock,One
Fool Me Once,£16.96,In stock,One
Find Her (Detective D.D. ...,£22.37,In stock,One
Evicted: Poverty and Profit ...,£42.27,In stock,One
Drama,£38.70,In stock,Two
Dracula the Un-Dead,£35.63,In stock,Five
Digital Fortress,£58.00,In stock,Five
"Death Note, Vol. 5: ...",£52.41,In stock,One
"Data, A Love Story: ...",£32.35,In stock,Three
Critique of Pure Reason,£20.75,In stock,One
Booked,£17.49,In stock,Five
"Blue Lily, Lily Blue ...",£34.13,In stock,Five
Approval Junkie: Adventures in ...,£58.81,In stock,Five
An Abundance of Katherines,£10.00,In stock,Five
America's War for the ...,£51.22,In stock,Two
The Dream Thieves (The ...,£34.50,In stock,One
The Darkest Corners,£11.33,In stock,Five
The Crossover,£38.77,In stock,Four
The 5th Wave (The ...,£11.83,In stock,Two
Tell the Wind and ...,£45.51,In stock,Three
Tell Me Three Things,£41.81,In stock,One
Talking to Girls About ...,£25.15,In stock,Four
Siddhartha,£34.22,In stock,Five
Shiver (The Wolves of ...,£16.23,In stock,Five
Remember Me?,£11.48,In stock,Three
Red Dragon (Hannibal Lecter ...,£23.37,In stock,Three
Peak: Secrets from the ...,£16.28,In stock,Two
My Mother Was Nuts,£31.63,In stock,Four
Mexican Today: New and ...,£24.91,In stock,Five
Maybe Something Beautiful: How ...,£22.54,In stock,One
Lola and the Boy ...,£23.63,In stock,Four
Logan Kade (Fallen Crest ...,£13.12,In stock,Two
Last One Home (New ...,£59.98,In stock,Three
Killing Floor (Jack Reacher ...,£31.49,In stock,Four
Kill the Boy Band,£15.52,In stock,Five
Frankenstein,£38.00,In stock,Two
Forever Rockers (The Rocker ...,£28.80,In stock,Three
Fighting Fate (Fighting #6),£39.24,In stock,Three
Emma,£32.93,In stock,Two
"Eat, Pray, Love",£51.32,In stock,Three
Deep Under (Walker Security ...,£47.09,In stock,Five
Choosing Our Religion: The ...,£28.42,In stock,Four
Charlie and the Chocolate ...,£22.85,In stock,Three
Charity's Cross (Charles Towne ...,£41.24,In stock,One
Bright Lines,£39.07,In stock,Five
Bridget Jones's Diary (Bridget ...,£29.82,In stock,One
Bounty (Colorado Mountain #7),£37.26,In stock,Four
Blood Defense (Samantha Brinkman ...,£20.30,In stock,Three
"Bleach, Vol. 1: Strawberry ...",£34.65,In stock,Five
Beyond Good and Evil,£43.38,In stock,One
Alice in Wonderland (Alice's ...,£55.53,In stock,One
"Ajin: Demi-Human, Volume 1 ...",£57.06,In stock,Four
A Spy's Devotion (The ...,£16.97,In stock,Five
1st to Die (Women's ...,£53.98,In stock,One
"1,000 Places to See ...",£26.08,In stock,Five
The Da Vinci Code ...,£22.96,In stock,Two
The Cuckoo's Calling (Cormoran ...,£19.21,In stock,One
The Complete Stories and ...,£26.78,In stock,Four
The Complete Poems,£41.32,In stock,Five
The Catcher in the ...,£24.55,In stock,One
The Cat in the ...,£16.26,In stock,Two
The Case for Christ ...,£47.84,In stock,One
The Book Thief,£53.49,In stock,Two
The Book of Basketball: ...,£44.84,In stock,Five
The Blind Side: Evolution ...,£53.71,In stock,Five
The Autobiography of Malcolm ...,£23.43,In stock,Two
The Art of Simple ...,£34.32,In stock,Three
The Art of Fielding,£22.10,In stock,One
"Surely You're Joking, Mr. ...",£25.83,In stock,Two
Stiff: The Curious Lives ...,£36.74,In stock,Three
Spilled Milk: Based on ...,£49.51,In stock,One
Something Borrowed (Darcy & ...,£48.96,In stock,Five
Something Blue (Darcy & ...,£54.62,In stock,One
Soldier (Talon #3),£24.72,In stock,Two
Shopaholic & Baby (Shopaholic ...,£46.45,In stock,Two
Far From True (Promise ...,£34.93,In stock,Two
Dark Lover (Black Dagger ...,£12.87,In stock,One
Confessions of a Shopaholic ...,£48.94,In stock,Two
Changing the Game (Play ...,£13.38,In stock,Three
Candide,£58.63,In stock,Three
Can You Keep a ...,£21.94,In stock,One
Atlas Shrugged,£26.58,In stock,Five
Animal Farm,£57.22,In stock,Three
A Walk to Remember,£56.43,In stock,One
A New Earth: Awakening ...,£55.65,In stock,Five
A History of God: ...,£27.62,In stock,One
'Salem's Lot,£49.56,In stock,Four
Zero History (Blue Ant ...,£34.77,In stock,One
Wuthering Heights,£17.73,In stock,Three
World War Z: An ...,£21.80,In stock,One
Wild: From Lost to ...,£46.02,In stock,Three
"Where'd You Go, Bernadette",£18.13,In stock,One
When You Are Engulfed ...,£30.89,In stock,Five
We the People: The ...,£31.95,In stock,Three
We Are All Completely ...,£24.04,In stock,One
The Story of Art,£41.14,In stock,Four
The Origin of Species,£10.01,In stock,Four
The Great Gatsby,£36.05,In stock,Four
The Good Girl,£49.03,In stock,Three
The Glass Castle,£16.24,In stock,One
The Faith of Christopher ...,£39.55,In stock,One
The Drowning Girls,£35.67,In stock,Three
The Constant Princess (The ...,£16.62,In stock,Three
The Bourne Identity (Jason ...,£42.78,In stock,Four
The Bachelor Girl's Guide ...,£52.30,In stock,Five
The Art Book,£32.34,In stock,Two
The 7 Habits of ...,£33.17,In stock,Four
Team of Rivals: The ...,£20.12,In stock,Five
Steal Like an Artist: ...,£20.90,In stock,Two
"Sit, Stay, Love",£20.90,In stock,Three
Sister Dear,£40.20,In stock,Four
"Shrunken Treasures: Literary Classics, ...",£52.87,In stock,Three
"Rich Dad, Poor Dad",£51.74,In stock,One
Raymie Nightingale,£34.41,In stock,Two
Playing from the Heart,£32.38,In stock,One
The Lean Startup: How ...,£33.92,In stock,Three
The Last Painting of ...,£55.55,In stock,Two
"The Land of 10,000 ...",£29.64,In stock,Four
The Infinities,£27.41,In stock,One
The Husband's Secret,£52.51,In stock,Five
The Hitchhiker's Guide to ...,£47.80,In stock,Three
The Guns of August,£14.54,In stock,Two
The Guernsey Literary and ...,£49.53,In stock,One
The Goldfinch,£43.58,In stock,Three
The Giver (The Giver ...,£12.30,In stock,One
The Girl with All ...,£49.47,In stock,Three
The Girl Who Played ...,£22.14,In stock,Two
The Girl Who Kicked ...,£57.48,In stock,One
The Exiled,£43.45,In stock,Three
The End of Faith: ...,£22.13,In stock,Four
"The Elegant Universe: Superstrings, ...",£13.03,In stock,Four
The Disappearing Spoon: And ...,£57.35,In stock,Five
The Devil Wears Prada ...,£44.29,In stock,One
The Demon-Haunted World: Science ...,£52.25,In stock,Four
The Day the Crayons ...,£26.33,In stock,Five
Seven Days in the ...,£52.33,In stock,Two
Seven Brief Lessons on ...,£30.60,In stock,Four
Scarlet (The Lunar Chronicles ...,£14.57,In stock,Four
Sarah's Key,£46.29,In stock,One
"Saga, Volume 3 (Saga ...",£21.57,In stock,Five
Running with Scissors,£12.91,In stock,Four
Rogue Lawyer (Rogue Lawyer ...,£50.11,In stock,Three
Rise of the Rocket ...,£41.67,In stock,Four
Rework,£44.88,In stock,Two
Reservations for Two,£11.10,In stock,Three
Red: The True Story ...,£28.54,In stock,Three
Ready Player One,£19.07,In stock,Four
Quiet: The Power of ...,£43.55,In stock,One
Prodigy: The Graphic Novel ...,£43.63,In stock,Three
Persepolis: The Story of ...,£39.13,In stock,One
Packing for Mars: The ...,£56.68,In stock,Two
Outliers: The Story of ...,£14.16,In stock,One
Original Fake,£31.45,In stock,Three
Orange Is the New ...,£24.61,In stock,Two
One for the Money ...,£32.87,In stock,Two
Annie on My Mind,£36.83,In stock,Five
And Then There Were ...,£35.01,In stock,Two
A Walk in the ...,£30.48,In stock,Four
A Visit from the ...,£14.08,In stock,Five
A Storm of Swords ...,£31.22,In stock,Two
A Heartbreaking Work of ...,£54.29,In stock,Five
8 Keys to Mental ...,£31.04,In stock,One
#GIRLBOSS,£50.96,In stock,One
The Suffragettes (Little Black ...,£11.89,In stock,Two
The Sense of an ...,£31.38,In stock,Three
"The Sandman, Vol. 2: ...",£54.81,In stock,One
The Course of Love,£16.78,In stock,Three
Sugar Rush (Offensive Line ...,£24.42,In stock,One
"Saga, Volume 2 (Saga ...",£11.75,In stock,Three
"Run, Spot, Run: The ...",£20.02,In stock,One
New Moon (Twilight #2),£12.86,In stock,Four
Life,£31.58,In stock,Five
Kindle Paperwhite User's Guide,£34.00,In stock,Three
H is for Hawk,£57.42,In stock,Five
Girl Online On Tour ...,£53.47,In stock,One
